match_id,events_exported,folder
6736509b5484c6ce70ca7ca8,1264,DSL\6736509b5484c6ce70ca7ca8
66536b9ed3c32daa219fdd2e,1166,DSL\66536b9ed3c32daa219fdd2e
66f1fd9f88a1e74e94caa609,1163,DSL\66f1fd9f88a1e74e94caa609
66e039b0941c1ce8a288c54e,1155,DSL\66e039b0941c1ce8a288c54e
66e362f0c5d3fff06d0822e1,1138,DSL\66e362f0c5d3fff06d0822e1
66f00ccf92cc4b6fdb3c2fbf,1119,DSL\66f00ccf92cc4b6fdb3c2fbf
6697d320be9494557deea251,1117,DSL\6697d320be9494557deea251
66df7916dfde47d6653a8cb0,1100,DSL\66df7916dfde47d6653a8cb0
6606b2e0aecc56823e307e7f,1099,DSL\6606b2e0aecc56823e307e7f
673e485477bb0bf71ba04210,1094,DSL\673e485477bb0bf71ba04210
6641dff38286c706c5f24c2a,1059,DSL\6641dff38286c706c5f24c2a
66340b67ba95fe2f09302c43,1048,DSL\66340b67ba95fe2f09302c43
66e71f2a2604ad5082ba03d3,1039,DSL\66e71f2a2604ad5082ba03d3
662155fbf7ff9845fb52cace,1034,DSL\662155fbf7ff9845fb52cace
66f283e49bfa55d2512c3612,981,DSL\66f283e49bfa55d2512c3612
67d2662b7c72445cb2c3f54d,266,DSL\67d2662b7c72445cb2c3f54d
66e61391e3107064043474b1,1064,DSL\66e61391e3107064043474b1
664f282fad4c68ba26c7d5d8,1043,DSL\664f282fad4c68ba26c7d5d8
664a2b5be1442df3e1a4f674,1029,DSL\664a2b5be1442df3e1a4f674
673ba52afdff464c392f0442,1028,DSL\673ba52afdff464c392f0442
6604866c2e4dbcfcb88f1908,1025,DSL\6604866c2e4dbcfcb88f1908
6640b269b13425e3edb9705b,1021,DSL\6640b269b13425e3edb9705b
6735c1b250464d8c2fb6777d,1011,DSL\6735c1b250464d8c2fb6777d
66f0a42792cc4b6fdb3c37bc,1007,DSL\66f0a42792cc4b6fdb3c37bc
660f99dc0b4eb3501879a416,1005,DSL\660f99dc0b4eb3501879a416
66f000c692cc4b6fdb3c2df5,997,DSL\66f000c692cc4b6fdb3c2df5
668f04b06d4e34c26c85589d,987,DSL\668f04b06d4e34c26c85589d
660d3efdb0dd27e265dc1e2d,973,DSL\660d3efdb0dd27e265dc1e2d
667199327239e5f5dc2f67a9,967,DSL\667199327239e5f5dc2f67a9
673cd7d2fdff464c392f2316,948,DSL\673cd7d2fdff464c392f2316
668ee7146d4e34c26c855604,941,DSL\668ee7146d4e34c26c855604
673a2b7f66b990a4e64d013a,940,DSL\673a2b7f66b990a4e64d013a
66f0038492cc4b6fdb3c2e6f,913,DSL\66f0038492cc4b6fdb3c2e6f
663d33eaf390fd538c2bf1d6,911,DSL\663d33eaf390fd538c2bf1d6
65fc400c043ab4ea21f879ac,909,DSL\65fc400c043ab4ea21f879ac
65fc8000043ab4ea21f87d44,908,DSL\65fc8000043ab4ea21f87d44
66e71a462604ad5082ba02ff,894,DSL\66e71a462604ad5082ba02ff
6605587a2e4dbcfcb88f2381,890,DSL\6605587a2e4dbcfcb88f2381
66185efb13b3dbd04b2c917b,877,DSL\66185efb13b3dbd04b2c917b
67354ff950464d8c2fb674e2,869,DSL\67354ff950464d8c2fb674e2
66215e4bf7ff9845fb52cc09,867,DSL\66215e4bf7ff9845fb52cc09
66e6bc102604ad5082b9ff7c,860,DSL\66e6bc102604ad5082b9ff7c
66e38466c5d3fff06d082495,856,DSL\66e38466c5d3fff06d082495
674392170508699d2b9512ae,856,DSL\674392170508699d2b9512ae
66e0275d941c1ce8a288c34d,849,DSL\66e0275d941c1ce8a288c34d
66e03187941c1ce8a288c4a8,844,DSL\66e03187941c1ce8a288c4a8
66ddd6938cc6e1a85c181519,839,DSL\66ddd6938cc6e1a85c181519
660e3eebf1cddbb67c7d0ff0,796,DSL\660e3eebf1cddbb67c7d0ff0
661fa4f9d01771583eb0c04e,795,DSL\661fa4f9d01771583eb0c04e
66e729592604ad5082ba0532,764,DSL\66e729592604ad5082ba0532
6734e02f50464d8c2fb66e68,726,DSL\6734e02f50464d8c2fb66e68
673ba941fdff464c392f0539,704,DSL\673ba941fdff464c392f0539
66b022c622874d335f0aa417,678,DSL\66b022c622874d335f0aa417
673656e05484c6ce70ca7da8,665,DSL\673656e05484c6ce70ca7da8
66b00f2edf4c4ef6db915a0c,643,DSL\66b00f2edf4c4ef6db915a0c
674397cf0508699d2b95140e,642,DSL\674397cf0508699d2b95140e
673cdb48fdff464c392f23ce,593,DSL\673cdb48fdff464c392f23ce
66effc9292cc4b6fdb3c2da1,586,DSL\66effc9292cc4b6fdb3c2da1
660fe2d00b4eb3501879aded,559,DSL\660fe2d00b4eb3501879aded
675eac0e43dc5079ea945e32,555,DSL\675eac0e43dc5079ea945e32
67100deb7aecb4d3c69a233c,552,DSL\67100deb7aecb4d3c69a233c
675b3e008f714a1836389d41,510,DSL\675b3e008f714a1836389d41
6761d1c4306ec599b6ad039c,505,DSL\6761d1c4306ec599b6ad039c
673cd2d6fdff464c392f21da,498,DSL\673cd2d6fdff464c392f21da
6763179b5c79dea1624edd26,446,DSL\6763179b5c79dea1624edd26
6761bfc2306ec599b6acff5d,439,DSL\6761bfc2306ec599b6acff5d
6622648fd5f5ebbb00824468,436,DSL\6622648fd5f5ebbb00824468
67574ac1d3c28cfd4a687c92,434,DSL\67574ac1d3c28cfd4a687c92
67607142da0f6b39f0fd1ab1,433,DSL\67607142da0f6b39f0fd1ab1
67607641da0f6b39f0fd1be9,428,DSL\67607641da0f6b39f0fd1be9
6763088f5c79dea1624ed8d7,422,DSL\6763088f5c79dea1624ed8d7
6761ce3c306ec599b6ad028c,414,DSL\6761ce3c306ec599b6ad028c
675b35aa8f714a1836389af3,414,DSL\675b35aa8f714a1836389af3
675b46f38f714a1836389f20,413,DSL\675b46f38f714a1836389f20
675eb7a843dc5079ea946062,407,DSL\675eb7a843dc5079ea946062
67cdfd167c72445cb2c39114,379,DSL\67cdfd167c72445cb2c39114
6761c3c0306ec599b6ad0046,376,DSL\6761c3c0306ec599b6ad0046
67574782d3c28cfd4a687be0,370,DSL\67574782d3c28cfd4a687be0
675b43e48f714a1836389e40,370,DSL\675b43e48f714a1836389e40
675841a72b1e99074e6e2f89,369,DSL\675841a72b1e99074e6e2f89
675ec3b643dc5079ea946250,362,DSL\675ec3b643dc5079ea946250
67630f2c5c79dea1624ed9fe,360,DSL\67630f2c5c79dea1624ed9fe
67558b0fe8e1f0f6e1e0bfc9,358,DSL\67558b0fe8e1f0f6e1e0bfc9
675eb1d143dc5079ea945f26,349,DSL\675eb1d143dc5079ea945f26
6761c895306ec599b6ad0175,336,DSL\6761c895306ec599b6ad0175
675743afd3c28cfd4a687b10,327,DSL\675743afd3c28cfd4a687b10
675ebe3843dc5079ea946165,324,DSL\675ebe3843dc5079ea946165
67631f8b5c79dea1624ede46,296,DSL\67631f8b5c79dea1624ede46
675b38b68f714a1836389c5e,281,DSL\675b38b68f714a1836389c5e
663d5ee0fda7de44e2200ce4,634,DSL\663d5ee0fda7de44e2200ce4
6699a7dc36aa5ca16eb214eb,622,DSL\6699a7dc36aa5ca16eb214eb
66b0163ddf4c4ef6db915ab0,619,DSL\66b0163ddf4c4ef6db915ab0
6617568d5c183b7cfb90feda,606,DSL\6617568d5c183b7cfb90feda
66466fc51dc19a09f6135861,602,DSL\66466fc51dc19a09f6135861
663d54b2fda7de44e2200c63,593,DSL\663d54b2fda7de44e2200c63
67438e4c0508699d2b9511ec,585,DSL\67438e4c0508699d2b9511ec
6645293f61aea2081076de87,581,DSL\6645293f61aea2081076de87
673a368d3012990b58d7aae2,575,DSL\673a368d3012990b58d7aae2
668eff806d4e34c26c855810,555,DSL\668eff806d4e34c26c855810
664f584cad4c68ba26c7e118,550,DSL\664f584cad4c68ba26c7e118
66ac14172bcc62a5146ddbd0,542,DSL\66ac14172bcc62a5146ddbd0
673a39473012990b58d7ab5e,532,DSL\673a39473012990b58d7ab5e
66b27945f43a51544591337b,505,DSL\66b27945f43a51544591337b
670b72ded4b4d67c8e510248,505,DSL\670b72ded4b4d67c8e510248
6651bc1c9e2290bb8e07ee93,504,DSL\6651bc1c9e2290bb8e07ee93
66470f6a206b905a461759c7,501,DSL\66470f6a206b905a461759c7
6618fbff39d98f24f2143070,495,DSL\6618fbff39d98f24f2143070
663bb632da3fe0c048f0aebf,484,DSL\663bb632da3fe0c048f0aebf
66229090d5f5ebbb00824968,467,DSL\66229090d5f5ebbb00824968
66719dda7239e5f5dc2f68ad,459,DSL\66719dda7239e5f5dc2f68ad
66a00f70b7b490eabb348515,448,DSL\66a00f70b7b490eabb348515
6605bd89307e1fbe0c4c85c9,395,DSL\6605bd89307e1fbe0c4c85c9
669f5d54b7b490eabb346f69,395,DSL\669f5d54b7b490eabb346f69
6699ab4136aa5ca16eb2164c,370,DSL\6699ab4136aa5ca16eb2164c
66dde1258cc6e1a85c18173d,369,DSL\66dde1258cc6e1a85c18173d
6697db8ebe9494557deea327,362,DSL\6697db8ebe9494557deea327
673e453b77bb0bf71ba04168,328,DSL\673e453b77bb0bf71ba04168
673e441d77bb0bf71ba040f8,277,DSL\673e441d77bb0bf71ba040f8
6757408cd3c28cfd4a6879bc,259,DSL\6757408cd3c28cfd4a6879bc
66df3cf4b8eb8f0454c7cc1c,240,DSL\66df3cf4b8eb8f0454c7cc1c
673275eb4ad161de10bc52fd,229,DSL\673275eb4ad161de10bc52fd
67d16bdf7c72445cb2c3dfd4,224,DSL\67d16bdf7c72445cb2c3dfd4
67559a9196fb0da570de1981,216,DSL\67559a9196fb0da570de1981
676313dab631006f3a01a957,215,DSL\676313dab631006f3a01a957
67540a14097650f933a70a28,205,DSL\67540a14097650f933a70a28
673edea40e7ffce32b3df7ac,201,DSL\673edea40e7ffce32b3df7ac
675741fad3c28cfd4a687a9f,196,DSL\675741fad3c28cfd4a687a9f
66dddc648cc6e1a85c181601,194,DSL\66dddc648cc6e1a85c181601
65ecbe0aa6760f66b4f063e1,186,DSL\65ecbe0aa6760f66b4f063e1
6763152f5c79dea1624edc4b,180,DSL\6763152f5c79dea1624edc4b
676312565c79dea1624edbf9,174,DSL\676312565c79dea1624edbf9
67630e9db631006f3a01a616,174,DSL\67630e9db631006f3a01a616
67d285c57c72445cb2c3f780,171,DSL\67d285c57c72445cb2c3f780
6763114cb631006f3a01a782,159,DSL\6763114cb631006f3a01a782
6763146bb631006f3a01aa0e,130,DSL\6763146bb631006f3a01aa0e
67d140857c72445cb2c3d67f,117,DSL\67d140857c72445cb2c3d67f
